{
    "_ColorR": 1.0,
    "_ColorG": 1.0,
    "_ColorB": 1.0,
    "_RampLevels": 2.0,
    "_LightScalar": 2.0,
    "_HighColorR": 0.6036297678947449,
    "_HighColorG": 0.6037735939025879,
    "_HighColorB": 0.5895336270332336,
    "_HighIntensity": 1.5,
    "_LowColorR": 0.0,
    "_LowColorG": 0.0,
    "_LowColorB": 0.0,
    "_LowIntensity": 1.0,
    "_OutlineColorR": 0.6792278289794922,
    "_OutlineColorG": 0.0,
    "_OutlineColorB": 1.0,
    "_OutlineSize": 10.0,
    "_RimColorR": 0.15094339847564698,
    "_RimColorG": 0.14026343822479249,
    "_RimColorB": 0.14026343822479249,
    "_RimAlpha": 0.10000000149011612,
    "_RimPower": 0.10000000149011612,
    "_RimDropOff": 0.0,
    "_FresnelColorR": 0.5620689392089844,
    "_FresnelColorG": 0.5620689392089844,
    "_FresnelColorB": 0.5620689392089844,
    "_FresnelBrightness": 0.02800000086426735,
    "_FresnelPower": 0.8989999890327454,
    "_FresnelShadowDropoff": 0.0,
    "_GradYCap": 0.0,
    "_GradIntensity": 0.0
}